Metric,AIMS,Baseline Mean,Improvement %
ROUGE-1,0.52,0.45249999999999996,14.917127071823218
ROUGE-2,0.35,0.28250000000000003,23.893805309734493
ROUGE-L,0.5,0.4225,18.343195266272193
BERTScore-F1,0.92,0.8775,4.843304843304854
